Workbook
Name بهار: #REF!
Name پاییز: #REF!
Name تابستان: #REF!
Name زمستان: #REF!

Sheet Database
A1: فصل | B1: نام شاخص | C1: درصد | E1: فصل | F1: نام شاخص | G1: درصد
A2: بهار | B2: شاخص بهره وری کارکنان | C2: 0.2 | E2: بهار | F2: شاخص بهره وری کارکنان | G2: 0.2
A3: بهار | B3: شاخص پیشرفت فیزیکی کارکنان | C3: 0.2 | E3: بهار | F3: شاخص پیشرفت فیزیکی کارکنان | G3: 0.2
A4: بهار | B4: شاخص رضایت کارکنان | C4: 0.08 | E4: بهار | F4: شاخص رضایت کارکنان | G4: 0.08
A5: بهار | B5: شاخص عدم تمایل به ترک خدمت کارکنان | C5: 0.2 | E5: بهار | F5: شاخص عدم تمایل به ترک خدمت کارکنان | G5: 0.2
A6: بهار | B6: شاخص وفاداری کارکنان به سازمان | C6: 0.15 | E6: بهار | F6: شاخص وفاداری کارکنان به سازمان | G6: 0.15
A7: بهار | B7: شاخص سطح زندگی کارکنان | C7: 0.14 | E7: بهار | F7: شاخص سطح زندگی کارکنان | G7: 0.14
A8: بهار | B8: شاخص خلاقیت افراد | C8: 0.05 | E8: بهار | F8: شاخص خلاقیت افراد | G8: 0.05
A9: بهار | B9: شاخص فضای رقابتی بودن | C9: 0.1 | E9: بهار | F9: شاخص فضای رقابتی بودن | G9: 0.1
A10: تابستان | B10: شاخص بهره وری کارکنان | C10: 0.14 | E10: تابستان | F10: شاخص بهره وری کارکنان | G10: 0.14
A11: تابستان | B11: شاخص پیشرفت فیزیکی کارکنان | C11: 0.22 | E11: تابستان | F11: شاخص پیشرفت فیزیکی کارکنان | G11: 0.22
A12: تابستان | B12: شاخص رضایت کارکنان | C12: 0.5 | E12: تابستان | F12: شاخص رضایت کارکنان | G12: 0.5
A13: تابستان | B13: شاخص عدم تمایل به ترک خدمت کارکنان | C13: 0.06 | E13: تابستان | F13: شاخص عدم تمایل به ترک خدمت کارکنان | G13: 0.06
... A33: زمستان | B33: شاخص فضای رقابتی بودن | C33: 0.28 | E33: زمستان | F33: شاخص فضای رقابتی بودن | G33: 0.28

Sheet dashboard2
N4: 4 | O4: =INDEX(list2!A2:A5,dashboard2!N4) -> زمستان

Sheet calcu
B1: شاخص بهره وری کارکنان | C1: شاخص پیشرفت فیزیکی کارکنان | D1: شاخص رضایت کارکنان | E1: شاخص عدم تمایل به ترک خدمت کارکنان | F1: شاخص وفاداری کارکنان به سازمان | G1: شاخص سطح زندگی کارکنان | H1: شاخص خلاقیت افراد | I1: شاخص فضای رقابتی بودن | J1: میانگین شاخص ها در فصل | K1: رشد شاخص ها در فصل
A2: =dashboard2!O4 -> زمستان | B2: =SUMIFS(Database!$G:$G,Database!$F:$F,calcu!B1,Database!$E:$E,dashboard2!$O$4) -> 0.6 | C2: =SUMIFS(Database!$G:$G,Database!$F:$F,calcu!C1,Database!$E:$E,dashboard2!$O$4) -> 0.3 | D2: =SUMIFS(Database!$G:$G,Database!$F:$F,calcu!D1,Database!$E:$E,dashboard2!$O$4) -> 0.5 | E2: =SUMIFS(Database!$G:$G,Database!$F:$F,calcu!E1,Database!$E:$E,dashboard2!$O$4) -> 0.6 | F2: =SUMIFS(Database!$G:$G,Database!$F:$F,calcu!F1,Database!$E:$E,dashboard2!$O$4) -> 0.3 | G2: =SUMIFS(Database!$G:$G,Database!$F:$F,calcu!G1,Database!$E:$E,dashboard2!$O$4) -> 0.4 | H2: =SUMIFS(Database!$G:$G,Database!$F:$F,calcu!H1,Database!$E:$E,dashboard2!$O$4) -> 0.36 | I2: =SUMIFS(Database!$G:$G,Database!$F:$F,calcu!I1,Database!$E:$E,dashboard2!$O$4) -> 0.28 | J2: =AVERAGE(B2:I2) -> 0.4175 | K2: =IF(dashboard2!N4=1,0,IF((calcu!J2-calcu!J3)/calcu!J3>100%,100%,(J2-J3)/J3)) -> -0.40989399
A3: =INDEX(list2!A2:A5,dashboard2!N4-1) -> پاییز | B3: =SUMIFS(Database!$G:$G,Database!$F:$F,calcu!B1,Database!$E:$E,calcu!$A$3) -> 0.9 | C3: =SUMIFS(Database!$G:$G,Database!$F:$F,calcu!C1,Database!$E:$E,calcu!$A$3) -> 0.76 | D3: =SUMIFS(Database!$G:$G,Database!$F:$F,calcu!D1,Database!$E:$E,calcu!$A$3) -> 0.6 | E3: =SUMIFS(Database!$G:$G,Database!$F:$F,calcu!E1,Database!$E:$E,calcu!$A$3) -> 0.5 | F3: =SUMIFS(Database!$G:$G,Database!$F:$F,calcu!F1,Database!$E:$E,calcu!$A$3) -> 0.7 | G3: =SUMIFS(Database!$G:$G,Database!$F:$F,calcu!G1,Database!$E:$E,calcu!$A$3) -> 0.68 | H3: =SUMIFS(Database!$G:$G,Database!$F:$F,calcu!H1,Database!$E:$E,calcu!$A$3) -> 0.8 | I3: =SUMIFS(Database!$G:$G,Database!$F:$F,calcu!I1,Database!$E:$E,calcu!$A$3) -> 0.72 | J3: =AVERAGE(B3:I3) -> 0.7075
Q4: 90
Q5: 1
Q6: 26
Q7: 1
A8: 0 | B8: -100 | C8: 90 | D8: 91 | E8: 92 | F8: 93 | G8: 94 | H8: 95 | I8: 96 | J8: 97 | K8: 98 | L8: 99 | Q8: 26
C9: =2.7*B2*100 -> 162 | D9: =2.7*C2*100 -> 81 | E9: =2.7*D2*100 -> 135 | F9: =2.7*E2*100 -> 162 | G9: =2.7*F2*100 -> 81 | H9: =2.7*G2*100 -> 108 | I9: =2.7*H2*100 -> 97.2 | J9: =2.7*I2*100 -> 75.6 | K9: =2.7*J2*100 -> 112.725 | L9: =1.35*K2*100+135 -> 79.664311 | Q9: 1
A10: 10 | B10: -80 | C10: 1 | D10: 1 | E10: 1 | F10: 1 | G10: 1 | H10: 1 | I10: 1 | J10: 1 | K10: 1 | L10: 1 | Q10: 26
C11: =270-C9-C10 -> 107 | D11: =270-D9-D10 -> 188 | E11: =270-E9-E10 -> 134 | F11: =270-F9-F10 -> 107 | G11: =270-G9-G10 -> 188 | H11: =270-H9-H10 -> 161 | I11: =270-I9-I10 -> 171.8 | J11: =270-J9-J10 -> 193.4 | ... L11: =270-L9-L10 -> 189.33569 | Q11: 1
A12: 20 | B12: -60 | Q12: 26
Q13: 1
A14: 30 | B14: -40 | Q14: 26
Q15: 1
A16: 40 | B16: -20 | Q16: 26
Q17: 1
A18: 50 | B18: 0 | Q18: 26
Q19: 1
A20: 60 | B20: 20 | Q20: 26
Q21: 1
A22: 70 | B22: 40 | Q22: 26
Q23: 1
A24: 80 | B24: 60 | Q24: 25
Q25: 1
A26: 90 | B26: 80
A28: 100 | B28: 100

Sheet calcu2
B1: بهار | C1: تابستان | D1: پاییز | E1: زمستان | F1: میانگین | J1: بهار | K1: تابستان | L1: پاییز | M1: زمستان
A2: شاخص بهره وری کارکنان | B2: =SUMIFS(Database!$G:$G,Database!$F:$F,calcu2!$A2,Database!$E:$E,calcu2!B$1) -> 0.2 | C2: =SUMIFS(Database!$G:$G,Database!$F:$F,calcu2!$A2,Database!$E:$E,calcu2!C$1) -> 0.14 | D2: =SUMIFS(Database!$G:$G,Database!$F:$F,calcu2!$A2,Database!$E:$E,calcu2!D$1) -> 0.9 | E2: =SUMIFS(Database!$G:$G,Database!$F:$F,calcu2!$A2,Database!$E:$E,calcu2!E$1) -> 0.6 | F2: =AVERAGEIF(Database!$F:$F,calcu2!A2,Database!$G:$G) -> 0.46 | J2: =IF(J$1=dashboard2!$O$4,calcu2!B2,"") | K2: =IF(K$1=dashboard2!$O$4,calcu2!C2,"") | L2: =IF(L$1=dashboard2!$O$4,calcu2!D2,"") | M2: =IF(M$1=dashboard2!$O$4,calcu2!E2,"") -> 0.6
A3: شاخص پیشرفت فیزیکی کارکنان | B3: =SUMIFS(Database!$G:$G,Database!$F:$F,calcu2!$A3,Database!$E:$E,calcu2!B$1) -> 0.2 | C3: =SUMIFS(Database!$G:$G,Database!$F:$F,calcu2!$A3,Database!$E:$E,calcu2!C$1) -> 0.22 | D3: =SUMIFS(Database!$G:$G,Database!$F:$F,calcu2!$A3,Database!$E:$E,calcu2!D$1) -> 0.76 | E3: =SUMIFS(Database!$G:$G,Database!$F:$F,calcu2!$A3,Database!$E:$E,calcu2!E$1) -> 0.3 | F3: =AVERAGEIF(Database!$F:$F,calcu2!A3,Database!$G:$G) -> 0.37 | J3: =IF(J$1=dashboard2!$O$4,calcu2!B3,"") | K3: =IF(K$1=dashboard2!$O$4,calcu2!C3,"") | L3: =IF(L$1=dashboard2!$O$4,calcu2!D3,"") | M3: =IF(M$1=dashboard2!$O$4,calcu2!E3,"") -> 0.3
A4: شاخص رضایت کارکنان | B4: =SUMIFS(Database!$G:$G,Database!$F:$F,calcu2!$A4,Database!$E:$E,calcu2!B$1) -> 0.08 | C4: =SUMIFS(Database!$G:$G,Database!$F:$F,calcu2!$A4,Database!$E:$E,calcu2!C$1) -> 0.5 | D4: =SUMIFS(Database!$G:$G,Database!$F:$F,calcu2!$A4,Database!$E:$E,calcu2!D$1) -> 0.6 | E4: =SUMIFS(Database!$G:$G,Database!$F:$F,calcu2!$A4,Database!$E:$E,calcu2!E$1) -> 0.5 | F4: =AVERAGEIF(Database!$F:$F,calcu2!A4,Database!$G:$G) -> 0.42 | J4: =IF(J$1=dashboard2!$O$4,calcu2!B4,"") | K4: =IF(K$1=dashboard2!$O$4,calcu2!C4,"") | L4: =IF(L$1=dashboard2!$O$4,calcu2!D4,"") | M4: =IF(M$1=dashboard2!$O$4,calcu2!E4,"") -> 0.5
A5: شاخص عدم تمایل به ترک خدمت کارکنان | B5: =SUMIFS(Database!$G:$G,Database!$F:$F,calcu2!$A5,Database!$E:$E,calcu2!B$1) -> 0.2 | C5: =SUMIFS(Database!$G:$G,Database!$F:$F,calcu2!$A5,Database!$E:$E,calcu2!C$1) -> 0.06 | D5: =SUMIFS(Database!$G:$G,Database!$F:$F,calcu2!$A5,Database!$E:$E,calcu2!D$1) -> 0.5 | E5: =SUMIFS(Database!$G:$G,Database!$F:$F,calcu2!$A5,Database!$E:$E,calcu2!E$1) -> 0.6 | F5: =AVERAGEIF(Database!$F:$F,calcu2!A5,Database!$G:$G) -> 0.34 | J5: =IF(J$1=dashboard2!$O$4,calcu2!B5,"") | K5: =IF(K$1=dashboard2!$O$4,calcu2!C5,"") | L5: =IF(L$1=dashboard2!$O$4,calcu2!D5,"") | M5: =IF(M$1=dashboard2!$O$4,calcu2!E5,"") -> 0.6
A6: شاخص وفاداری کارکنان به سازمان | B6: =SUMIFS(Database!$G:$G,Database!$F:$F,calcu2!$A6,Database!$E:$E,calcu2!B$1) -> 0.15 | C6: =SUMIFS(Database!$G:$G,Database!$F:$F,calcu2!$A6,Database!$E:$E,calcu2!C$1) -> 0.08 | D6: =SUMIFS(Database!$G:$G,Database!$F:$F,calcu2!$A6,Database!$E:$E,calcu2!D$1) -> 0.7 | E6: =SUMIFS(Database!$G:$G,Database!$F:$F,calcu2!$A6,Database!$E:$E,calcu2!E$1) -> 0.3 | F6: =AVERAGEIF(Database!$F:$F,calcu2!A6,Database!$G:$G) -> 0.3075 | J6: =IF(J$1=dashboard2!$O$4,calcu2!B6,"") | K6: =IF(K$1=dashboard2!$O$4,calcu2!C6,"") | L6: =IF(L$1=dashboard2!$O$4,calcu2!D6,"") | M6: =IF(M$1=dashboard2!$O$4,calcu2!E6,"") -> 0.3
A7: شاخص سطح زندگی کارکنان | B7: =SUMIFS(Database!$G:$G,Database!$F:$F,calcu2!$A7,Database!$E:$E,calcu2!B$1) -> 0.14 | C7: =SUMIFS(Database!$G:$G,Database!$F:$F,calcu2!$A7,Database!$E:$E,calcu2!C$1) -> 0.16 | D7: =SUMIFS(Database!$G:$G,Database!$F:$F,calcu2!$A7,Database!$E:$E,calcu2!D$1) -> 0.68 | E7: =SUMIFS(Database!$G:$G,Database!$F:$F,calcu2!$A7,Database!$E:$E,calcu2!E$1) -> 0.4 | F7: =AVERAGEIF(Database!$F:$F,calcu2!A7,Database!$G:$G) -> 0.345 | J7: =IF(J$1=dashboard2!$O$4,calcu2!B7,"") | K7: =IF(K$1=dashboard2!$O$4,calcu2!C7,"") | L7: =IF(L$1=dashboard2!$O$4,calcu2!D7,"") | M7: =IF(M$1=dashboard2!$O$4,calcu2!E7,"") -> 0.4
A8: شاخص خلاقیت افراد | B8: =SUMIFS(Database!$G:$G,Database!$F:$F,calcu2!$A8,Database!$E:$E,calcu2!B$1) -> 0.05 | C8: =SUMIFS(Database!$G:$G,Database!$F:$F,calcu2!$A8,Database!$E:$E,calcu2!C$1) -> 0.05 | D8: =SUMIFS(Database!$G:$G,Database!$F:$F,calcu2!$A8,Database!$E:$E,calcu2!D$1) -> 0.8 | E8: =SUMIFS(Database!$G:$G,Database!$F:$F,calcu2!$A8,Database!$E:$E,calcu2!E$1) -> 0.36 | F8: =AVERAGEIF(Database!$F:$F,calcu2!A8,Database!$G:$G) -> 0.315 | J8: =IF(J$1=dashboard2!$O$4,calcu2!B8,"") | K8: =IF(K$1=dashboard2!$O$4,calcu2!C8,"") | L8: =IF(L$1=dashboard2!$O$4,calcu2!D8,"") | M8: =IF(M$1=dashboard2!$O$4,calcu2!E8,"") -> 0.36
A9: شاخص فضای رقابتی بودن | B9: =SUMIFS(Database!$G:$G,Database!$F:$F,calcu2!$A9,Database!$E:$E,calcu2!B$1) -> 0.1 | C9: =SUMIFS(Database!$G:$G,Database!$F:$F,calcu2!$A9,Database!$E:$E,calcu2!C$1) -> 0.4 | D9: =SUMIFS(Database!$G:$G,Database!$F:$F,calcu2!$A9,Database!$E:$E,calcu2!D$1) -> 0.72 | E9: =SUMIFS(Database!$G:$G,Database!$F:$F,calcu2!$A9,Database!$E:$E,calcu2!E$1) -> 0.28 | F9: =AVERAGEIF(Database!$F:$F,calcu2!A9,Database!$G:$G) -> 0.375 | J9: =IF(J$1=dashboard2!$O$4,calcu2!B9,"") | K9: =IF(K$1=dashboard2!$O$4,calcu2!C9,"") | L9: =IF(L$1=dashboard2!$O$4,calcu2!D9,"") | M9: =IF(M$1=dashboard2!$O$4,calcu2!E9,"") -> 0.28
I11: ماه قبل | J11: ماه جاری | K11: درصد رشد
I12: {=IF(dashboard2!$N$4=1,0,INDEX(B2:E2,dashboard2!$N$4-1))} -> 0.9 | J12: =SUM(J2:M2) -> 0.6 | K12: =IF(dashboard2!$N$4=1,0,(calcu2!J12-calcu2!I12)/calcu2!I12) -> -0.33333333
I13: {=IF(dashboard2!$N$4=1,0,INDEX(B3:E3,dashboard2!$N$4-1))} -> 0.76 | J13: =SUM(J3:M3) -> 0.3 | K13: =IF(dashboard2!$N$4=1,0,(calcu2!J13-calcu2!I13)/calcu2!I13) -> -0.60526316
I14: {=IF(dashboard2!$N$4=1,0,INDEX(B4:E4,dashboard2!$N$4-1))} -> 0.6 | J14: =SUM(J4:M4) -> 0.5 | K14: =IF(dashboard2!$N$4=1,0,(calcu2!J14-calcu2!I14)/calcu2!I14) -> -0.16666667
I15: {=IF(dashboard2!$N$4=1,0,INDEX(B5:E5,dashboard2!$N$4-1))} -> 0.5 | J15: =SUM(J5:M5) -> 0.6 | K15: =IF(dashboard2!$N$4=1,0,(calcu2!J15-calcu2!I15)/calcu2!I15) -> 0.2
I16: {=IF(dashboard2!$N$4=1,0,INDEX(B6:E6,dashboard2!$N$4-1))} -> 0.7 | J16: =SUM(J6:M6) -> 0.3 | K16: =IF(dashboard2!$N$4=1,0,(calcu2!J16-calcu2!I16)/calcu2!I16) -> -0.57142857
I17: {=IF(dashboard2!$N$4=1,0,INDEX(B7:E7,dashboard2!$N$4-1))} -> 0.68 | J17: =SUM(J7:M7) -> 0.4 | K17: =IF(dashboard2!$N$4=1,0,(calcu2!J17-calcu2!I17)/calcu2!I17) -> -0.41176471
I18: {=IF(dashboard2!$N$4=1,0,INDEX(B8:E8,dashboard2!$N$4-1))} -> 0.8 | J18: =SUM(J8:M8) -> 0.36 | K18: =IF(dashboard2!$N$4=1,0,(calcu2!J18-calcu2!I18)/calcu2!I18) -> -0.55
I19: {=IF(dashboard2!$N$4=1,0,INDEX(B9:E9,dashboard2!$N$4-1))} -> 0.72 | J19: =SUM(J9:M9) -> 0.28 | K19: =IF(dashboard2!$N$4=1,0,(calcu2!J19-calcu2!I19)/calcu2!I19) -> -0.61111111

Sheet list2
A1: فصل | B1: نام شاخص
A2: بهار | B2: شاخص بهره وری کارکنان
A3: تابستان | B3: شاخص پیشرفت فیزیکی کارکنان
A4: پاییز | B4: شاخص رضایت کارکنان
A5: زمستان | B5: شاخص عدم تمایل به ترک خدمت کارکنان
B6: شاخص وفاداری کارکنان به سازمان
B7: شاخص سطح زندگی کارکنان
B8: شاخص خلاقیت افراد
B9: شاخص فضای رقابتی بودن
